{"cameraMode":{"drawMode":0,"name":"Shaded","section":"Shading Mode"},"sceneLighting":false,"audioPlay":false,"sceneViewState":{"showFog":true,"showMaterialUpdate":false,"showSkybox":false,"showFlares":true,"showImageEffects":true,"showParticleSystems":true},"in2DMode":false,"pivot":{"x":-2.0956268310546877,"y":15.538431167602539,"z":-4.725736618041992},"rotation":{"x":0.03928573802113533,"y":0.9295827746391296,"z":-0.10390488058328629,"w":0.3514772653579712},"size":35.25529098510742,"orthographic":false}