{"cameraMode":{"drawMode":0,"name":"Shaded","section":"Shading Mode"},"sceneLighting":false,"audioPlay":false,"sceneViewState":{"showFog":true,"showMaterialUpdate":false,"showSkybox":false,"showFlares":true,"showImageEffects":true,"showParticleSystems":true},"in2DMode":false,"pivot":{"x":0.11096540093421936,"y":1.9924765825271607,"z":-0.17947722971439362},"rotation":{"x":-0.15067912638187409,"y":-0.24830032885074616,"z":0.03913138434290886,"w":-0.9560918211936951},"size":1.5452344417572022,"orthographic":false}