{"cameraMode":{"drawMode":0,"name":"Shaded","section":"Shading Mode"},"sceneLighting":true,"audioPlay":false,"sceneViewState":{"showFog":true,"showMaterialUpdate":false,"showSkybox":true,"showFlares":true,"showImageEffects":true,"showParticleSystems":true},"in2DMode":false,"pivot":{"x":-169.29623413085938,"y":473.61004638671877,"z":1181.4715576171875},"rotation":{"x":0.012119241058826447,"y":-0.9777867197990418,"z":0.2007535994052887,"w":0.05902877822518349},"size":1168.7628173828125,"orthographic":false}