{"cameraMode":{"drawMode":0,"name":"Shaded","section":"Shading Mode"},"sceneLighting":true,"audioPlay":false,"sceneViewState":{"showFog":true,"showMaterialUpdate":false,"showSkybox":true,"showFlares":true,"showImageEffects":true,"showParticleSystems":true},"in2DMode":false,"pivot":{"x":-517.216796875,"y":-371.64013671875,"z":1688.621826171875},"rotation":{"x":0.1513906866312027,"y":-0.7160331010818481,"z":0.16388291120529176,"w":0.6614528894424439},"size":12120.318359375,"orthographic":false}